<?xml version="1.0" encoding="UTF-8" standalone="yes"?>
<manifest>
  <control namespace="anw" constructor="jsonViewerControl" version="1.3.6" display-name-key="jsonViewerControl" description-key="jsonViewerControl description" control-type="standard" api-version="1.3.7">
    <external-service-usage enabled="false"/>
    <property name="jsonValue" display-name-key="JSON Value" description-key="Field that contains json value" of-type="Multiple" usage="bound" required="true"/>
    <resources>
      <code path="bundle.js" order="1"/>
      <css path="css/main.css" order="1"/>
    </resources>
    <built-by name="pac" version="1.28.2"/>
  </control>
</manifest>